[
  {
    "Foo": "first",
    "Bar": "row",
    "Baz": 123,
    "Fobe": 1.0,
    "Dt Test": "2018-10-07",
    "enabled": true
  },
  {
    "Foo": "second",
    "Bar": "row",
    "Baz": 456,
    "Fobe": 2.1,
    "Dt Test": "10/07/2018",
    "enabled": false
  },
  {
    "Foo": "third",
    "Bar": "row your boat",
    "Baz": 789,
    "Fobe": 3,
    "Dt Test": "10-18-18",
    "enabled": true
  },
  {
    "Foo": "fourth",
    "Bar": " boat ",
    "Baz": 0,
    "Fobe": 4.3,
    "Dt Test": "2018-10-10T14:13:30.500Z",
    "enabled": false
  },
  {
    "Foo": "fifth",
    "Bar": "downstream",
    "Baz": -12,
    "Fobe": 19,
    "Dt Test": "10/18/18",
    "enabled": true
  },
  {
    "Foo": "sixth",
    "Bar": null,
    "Baz": null,
    "Fobe": null,
    "Dt Test": null,
    "enabled": null
  },
  {
    "Foo": "seventh",
    "Bar": "big data",
    "Baz": "1,000,000",
    "Fobe": "4,000.3",
    "Dt Test": "2018-10-10T14:13:30.000-05:00",
    "enabled": false
  },
  {
    "Foo": "eighth",
    "Bar": "bigger data",
    "Baz": 12,
    "Fobe": 3.44,
    "Dt Test": "10-OCT-18",
    "enabled": false
  }
]
